<?xml version="1.0" encoding="UTF-8"?>
<project-private xmlns="http://www.netbeans.org/ns/project-private/1">
    <editor-bookmarks xmlns="http://www.netbeans.org/ns/editor-bookmarks/2" lastBookmarkId="0"/>
    <open-files xmlns="http://www.netbeans.org/ns/projectui-open-files/2">
        <group>
            <file>file:/C:/Users/Alma/Documents/NetBeansProjects/Cuatro/src/cuatro/Cuatro.java</file>
            <file>file:/C:/Users/Alma/Documents/NetBeansProjects/Cuatro/src/cuatro/Estudiante.java</file>
            <file>file:/C:/Users/Alma/Documents/NetBeansProjects/Cuatro/src/cuatro/Gcien.java</file>
            <file>file:/C:/Users/Alma/Documents/NetBeansProjects/Cuatro/src/cuatro/PrimerIngreso.java</file>
            <file>file:/C:/Users/Alma/Documents/NetBeansProjects/Cuatro/src/cuatro/Persona.java</file>
            <file>file:/C:/Users/Alma/Documents/NetBeansProjects/Cuatro/src/cuatro/Interesado.java</file>
        </group>
    </open-files>
</project-private>
